{"cameraMode":{"drawMode":0,"name":"Shaded","section":"Shading Mode"},"sceneLighting":true,"audioPlay":false,"sceneViewState":{"showFog":true,"showMaterialUpdate":false,"showSkybox":true,"showFlares":true,"showImageEffects":true,"showParticleSystems":true},"in2DMode":false,"pivot":{"x":12.399747848510743,"y":-6.658513069152832,"z":9.178837776184082},"rotation":{"x":-0.44707396626472475,"y":0.007779008708894253,"z":-0.0038894768804311754,"w":-0.8944559097290039},"size":16.268911361694337,"orthographic":false}