{"cameraMode":{"drawMode":0,"name":"Shaded","section":"Shading Mode"},"sceneLighting":true,"audioPlay":false,"sceneViewState":{"showFog":true,"showMaterialUpdate":false,"showSkybox":false,"showFlares":true,"showImageEffects":true,"showParticleSystems":true},"in2DMode":false,"pivot":{"x":5.546895980834961,"y":2.1699960231781008,"z":0.2999984622001648},"rotation":{"x":0.28687721490859988,"y":-0.5257135629653931,"z":0.19411617517471314,"w":0.7769491076469421},"size":10.742791175842286,"orthographic":false}