{"cameraMode":{"drawMode":0,"name":"Shaded","section":"Shading Mode"},"sceneLighting":true,"audioPlay":false,"sceneViewState":{"showFog":true,"showMaterialUpdate":false,"showSkybox":false,"showFlares":true,"showImageEffects":true,"showParticleSystems":true},"in2DMode":false,"pivot":{"x":7.26149320602417,"y":-0.713383674621582,"z":1.2426859140396119},"rotation":{"x":-0.19663496315479279,"y":0.7718546390533447,"z":-0.28447216749191286,"w":-0.533526599407196},"size":11.893101692199707,"orthographic":false}