{"cameraMode":{"drawMode":0,"name":"Shaded","section":"Shading Mode"},"sceneLighting":true,"audioPlay":false,"sceneViewState":{"showFog":true,"showMaterialUpdate":true,"showSkybox":false,"showFlares":true,"showImageEffects":true,"showParticleSystems":true},"in2DMode":false,"pivot":{"x":5.550000190734863,"y":16.0,"z":-0.25999999046325686},"rotation":{"x":-0.6860087513923645,"y":-0.0050219083204865459,"z":0.004735476337373257,"w":-0.727563738822937},"size":10.304530143737793,"orthographic":false}