{"cameraMode":{"drawMode":0,"name":"Shaded","section":"Shading Mode"},"sceneLighting":true,"audioPlay":false,"sceneViewState":{"showFog":true,"showMaterialUpdate":true,"showSkybox":true,"showFlares":true,"showImageEffects":true,"showParticleSystems":true},"in2DMode":false,"pivot":{"x":5.25,"y":1.9099998474121094,"z":0.12000000476837158},"rotation":{"x":0.6921112537384033,"y":0.0012955889105796815,"z":-0.001242533908225596,"w":0.7217904329299927},"size":3.053114891052246,"orthographic":false}