{"cameraMode":{"drawMode":0,"name":"Shaded","section":"Shading Mode"},"sceneLighting":false,"audioPlay":false,"sceneViewState":{"showFog":true,"showMaterialUpdate":false,"showSkybox":false,"showFlares":true,"showImageEffects":true,"showParticleSystems":true},"in2DMode":false,"pivot":{"x":5.546895980834961,"y":1.5599963665008546,"z":0.27999842166900637},"rotation":{"x":-0.6933735609054565,"y":-0.007351372856646776,"z":0.007074417546391487,"w":-0.7205072641372681},"size":7.407628059387207,"orthographic":false}